,Enzymes,Recognition Sequence,Suppliers,Palindromo
1791,AquIII,GAGGAG,-,True
5822,Bpy10003ORF3544P,GAGGAG,-,True
6022,BseRI,GAGGAG,yes,True
7117,BsuNig2ORF20290P,GAGGAG,-,True
8599,Cdi13746V,RGAAAGR,-,True
8600,Cdi13748III,RGAAAGR,-,True
8617,Cdi161ORF20760P,RGAAAGR,-,True
8645,Cdi20486ORF20775P,RGAAAGR,-,True
13700,DvuIII,CACNCAC,-,True
13705,DvuRCH1ORF2026P,CACNCAC,-,True
27809,HpyUM032XIV,GAAAG,-,True
33631,MchCM4I,GAGGAG,-,True
33633,MchCM4ORF5634P,GAGGAG,-,True
34710,Mor20ORF7P,GAGGAG,-,True
40756,Pdu1735I,CACCAC,-,True
45731,SasI,GAGGAG,-,True
46432,SdeOSORF309P,GAGGAG,-,True
50333,Ssp42902ORFDP,GAGGAG,-,True
50439,Ssp73109ORF10670P,GAGGAG,-,True
50822,Sspm9ORF182P,GAGGAG,-,True
50988,SspSRS2ORF19820P,CACCAC,-,True
